"Date","Price","Open","High","Low","Vol.","Change %"
"24-10-2024","42,830.00","42,830.00","42,830.00","42,830.00","","-0.72%"
"23-10-2024","43,140.00","43,140.00","43,140.00","43,140.00","","-0.71%"
"22-10-2024","43,450.00","43,450.00","43,450.00","43,450.00","","-1.16%"
"21-10-2024","43,960.00","43,960.00","43,960.00","43,960.00","","-0.66%"
"18-10-2024","44,250.00","44,250.00","44,250.00","44,250.00","","0.55%"
"17-10-2024","44,010.00","44,010.00","44,010.00","44,010.00","","-0.92%"
"16-10-2024","44,420.00","44,420.00","44,420.00","44,420.00","","0.43%"
"15-10-2024","44,230.00","44,230.00","44,230.00","44,230.00","","-0.25%"
"14-10-2024","44,340.00","44,340.00","44,340.00","44,340.00","","0.86%"
"11-10-2024","43,960.00","43,960.00","43,960.00","43,960.00","","-0.48%"
"10-10-2024","44,170.00","44,170.00","44,170.00","44,170.00","","-0.25%"
"09-10-2024","44,280.00","44,280.00","44,280.00","44,280.00","","-0.92%"
"08-10-2024","44,690.00","44,690.00","44,690.00","44,690.00","","1.11%"
"07-10-2024","44,200.00","44,200.00","44,200.00","44,200.00","","-0.29%"
"04-10-2024","44,330.00","44,330.00","44,330.00","44,330.00","","0.45%"
"03-10-2024","44,130.00","44,130.00","44,130.00","44,130.00","","0.64%"
"01-10-2024","43,850.00","43,850.00","43,850.00","43,850.00","","0.44%"
"30-09-2024","43,660.00","43,660.00","43,660.00","43,660.00","","1.11%"
"27-09-2024","43,180.00","43,180.00","43,180.00","43,180.00","","-0.94%"
"26-09-2024","43,590.00","43,590.00","43,590.00","43,590.00","","1.61%"
"25-09-2024","42,900.00","42,900.00","42,900.00","42,900.00","","1.54%"
"24-09-2024","42,250.00","42,250.00","42,250.00","42,250.00","","1.29%"
"23-09-2024","41,710.00","41,710.00","41,710.00","41,710.00","","1.61%"
"20-09-2024","41,050.00","41,050.00","41,050.00","41,050.00","","-0.51%"
"19-09-2024","41,260.00","41,260.00","41,260.00","41,260.00","","0.83%"
"18-09-2024","40,920.00","40,920.00","40,920.00","40,920.00","","-0.02%"
"17-09-2024","40,930.00","40,930.00","40,930.00","40,930.00","","0.71%"
"16-09-2024","40,640.00","40,640.00","40,640.00","40,640.00","","-1.50%"
"13-09-2024","41,260.00","41,260.00","41,260.00","41,260.00","","0.22%"
"12-09-2024","41,170.00","41,170.00","41,170.00","41,170.00","","-0.51%"
"11-09-2024","41,380.00","41,380.00","41,380.00","41,380.00","","-0.50%"
"10-09-2024","41,590.00","41,590.00","41,590.00","41,590.00","","-0.24%"
"09-09-2024","41,690.00","41,690.00","41,690.00","41,690.00","","-0.19%"
"06-09-2024","41,770.00","41,770.00","41,770.00","41,770.00","","-0.38%"
"05-09-2024","41,930.00","41,930.00","41,930.00","41,930.00","","0.24%"
"04-09-2024","41,830.00","41,830.00","41,830.00","41,830.00","","-0.02%"
"03-09-2024","41,840.00","41,840.00","41,840.00","41,840.00","","0.46%"
"02-09-2024","41,650.00","41,650.00","41,650.00","41,650.00","","-1.26%"
"30-08-2024","42,180.00","42,180.00","42,180.00","42,180.00","","0.72%"
"29-08-2024","41,880.00","41,880.00","41,880.00","41,880.00","","0.22%"
"28-08-2024","41,790.00","41,790.00","41,790.00","41,790.00","","-0.97%"
"27-08-2024","42,200.00","42,200.00","42,200.00","42,200.00","","0.45%"
"26-08-2024","42,010.00","42,010.00","42,010.00","42,010.00","","0.07%"
"23-08-2024","41,980.00","41,980.00","41,980.00","41,980.00","","-0.62%"
"22-08-2024","42,240.00","42,240.00","42,240.00","42,240.00","","-0.49%"
"21-08-2024","42,450.00","42,450.00","42,450.00","42,450.00","","1.07%"
"20-08-2024","42,000.00","42,000.00","42,000.00","42,000.00","","-0.02%"
"19-08-2024","42,010.00","42,010.00","42,010.00","42,010.00","","0.65%"
"16-08-2024","41,740.00","41,740.00","41,740.00","41,740.00","","-0.22%"
"14-08-2024","41,830.00","41,830.00","41,830.00","41,830.00","","-0.55%"
"13-08-2024","42,060.00","42,060.00","42,060.00","42,060.00","","0.45%"
"12-08-2024","41,870.00","41,870.00","41,870.00","41,870.00","","0.67%"
"09-08-2024","41,590.00","41,590.00","41,590.00","41,590.00","","-1.21%"
"08-08-2024","42,100.00","42,100.00","42,100.00","42,100.00","","-0.45%"
"07-08-2024","42,290.00","42,290.00","42,290.00","42,290.00","","0.28%"
"06-08-2024","42,170.00","42,170.00","42,170.00","42,170.00","","-0.85%"
"05-08-2024","42,530.00","42,530.00","42,530.00","42,530.00","","-0.98%"
"02-08-2024","42,950.00","42,950.00","42,950.00","42,950.00","","-1.20%"
"01-08-2024","43,470.00","43,470.00","43,470.00","43,470.00","","0.00%"
"31-07-2024","43,470.00","43,470.00","43,470.00","43,470.00","","-0.71%"
"30-07-2024","43,780.00","43,780.00","43,780.00","43,780.00","","0.90%"
"29-07-2024","43,390.00","43,390.00","43,390.00","43,390.00","","1.35%"
"26-07-2024","42,810.00","42,810.00","42,810.00","42,810.00","","-0.26%"
"25-07-2024","42,920.00","42,920.00","42,920.00","42,920.00","","0.21%"
"24-07-2024","42,830.00","42,830.00","42,830.00","42,830.00","","-0.72%"
"23-07-2024","43,140.00","43,140.00","43,140.00","43,140.00","","0.44%"
"22-07-2024","42,950.00","42,950.00","42,950.00","42,950.00","","-0.69%"
"19-07-2024","43,250.00","43,250.00","43,250.00","43,250.00","","-0.83%"
"18-07-2024","43,610.00","43,610.00","43,610.00","43,610.00","","-0.95%"
"16-07-2024","44,030.00","44,030.00","44,030.00","44,030.00","","-0.92%"
"15-07-2024","44,440.00","44,440.00","44,440.00","44,440.00","","1.79%"
"12-07-2024","43,660.00","43,660.00","43,660.00","43,660.00","","1.37%"
"11-07-2024","43,070.00","43,070.00","43,070.00","43,070.00","","-0.49%"
"10-07-2024","43,280.00","43,280.00","43,280.00","43,280.00","","0.21%"
"09-07-2024","43,190.00","43,190.00","43,190.00","43,190.00","","-0.48%"
"08-07-2024","43,400.00","43,400.00","43,400.00","43,400.00","","-1.65%"
"05-07-2024","44,130.00","44,130.00","44,130.00","44,130.00","","-1.14%"
"04-07-2024","44,640.00","43,720.00","44,640.00","43,720.00","","0.22%"
"03-07-2024","44,540.00","44,540.00","44,540.00","44,540.00","","-0.36%"
"02-07-2024","44,700.00","44,700.00","44,700.00","44,700.00","","1.11%"
"01-07-2024","44,210.00","44,210.00","44,210.00","44,210.00","","0.05%"
"28-06-2024","44,190.00","44,190.00","44,190.00","44,190.00","","1.14%"
"27-06-2024","43,690.00","43,690.00","43,690.00","43,690.00","","0.67%"
"26-06-2024","43,400.00","43,720.00","43,720.00","43,400.00","","-0.71%"
"25-06-2024","43,710.00","43,710.00","43,710.00","43,710.00","","-1.60%"
"24-06-2024","44,420.00","44,420.00","44,420.00","44,420.00","","-1.40%"
"21-06-2024","45,050.00","45,050.00","45,050.00","45,050.00","","0.40%"
"20-06-2024","44,870.00","44,870.00","44,870.00","44,870.00","","-0.75%"
"19-06-2024","45,210.00","45,210.00","45,210.00","45,210.00","","-0.68%"
"18-06-2024","45,520.00","45,520.00","45,520.00","45,520.00","","-1.60%"
"14-06-2024","46,260.00","43,720.00","46,260.00","43,720.00","","-0.67%"
"13-06-2024","46,570.00","43,720.00","46,570.00","43,720.00","","-0.06%"
"12-06-2024","46,600.00","46,600.00","46,600.00","46,600.00","","-0.41%"
"11-06-2024","46,790.00","46,790.00","46,790.00","46,790.00","","-0.62%"
"10-06-2024","47,080.00","47,080.00","47,080.00","47,080.00","","-0.19%"
"07-06-2024","47,170.00","47,170.00","47,170.00","47,170.00","","0.08%"
"06-06-2024","47,130.00","47,130.00","47,130.00","47,130.00","","-0.65%"
"05-06-2024","47,440.00","47,440.00","47,440.00","47,440.00","","-0.44%"
"04-06-2024","47,650.00","47,650.00","47,650.00","47,650.00","","-0.44%"
"03-06-2024","47,860.00","47,860.00","47,860.00","47,860.00","","1.42%"
"31-05-2024","47,190.00","43,720.00","47,190.00","43,720.00","","0.40%"
"30-05-2024","47,000.00","47,000.00","47,000.00","47,000.00","","0.11%"
"29-05-2024","46,950.00","43,720.00","46,950.00","43,720.00","","0.84%"
"28-05-2024","46,560.00","46,560.00","46,560.00","46,560.00","","-0.34%"
"27-05-2024","46,720.00","46,720.00","46,720.00","46,720.00","","-0.70%"
"24-05-2024","47,050.00","47,050.00","47,050.00","47,050.00","","-0.02%"
"23-05-2024","47,060.00","47,060.00","47,060.00","47,060.00","","-0.86%"
"22-05-2024","47,470.00","47,470.00","47,470.00","47,470.00","","0.40%"
"21-05-2024","47,280.00","47,280.00","47,280.00","47,280.00","","0.38%"
"17-05-2024","47,100.00","47,100.00","47,100.00","47,100.00","","0.73%"
"16-05-2024","46,760.00","46,760.00","46,760.00","46,760.00","","0.73%"
"15-05-2024","46,420.00","46,420.00","46,420.00","46,420.00","","-0.24%"
"14-05-2024","46,530.00","46,530.00","46,530.00","46,530.00","","-0.45%"
"13-05-2024","46,740.00","46,740.00","46,740.00","46,740.00","","-1.64%"
"10-05-2024","47,520.00","47,520.00","47,520.00","47,520.00","","-0.75%"
"09-05-2024","47,880.00","47,880.00","47,880.00","47,880.00","","1.16%"
"08-05-2024","47,330.00","47,330.00","47,330.00","47,330.00","","2.00%"
"07-05-2024","46,400.00","46,400.00","46,400.00","46,400.00","","2.00%"
"06-05-2024","45,490.00","45,490.00","45,490.00","45,490.00","","2.00%"
"03-05-2024","44,600.00","44,600.00","44,600.00","44,600.00","","2.01%"
"02-05-2024","43,720.00","43,720.00","43,720.00","43,720.00","","0.00%"
"30-04-2024","43,720.00","43,720.00","43,720.00","43,720.00","","0.00%"
"29-04-2024","43,720.00","43,720.00","43,720.00","43,720.00","","0.00%"
"26-04-2024","43,720.00","43,720.00","43,720.00","43,720.00","","0.00%"
"25-04-2024","43,720.00","43,720.00","43,720.00","43,720.00","0.01K","-6.00%"
"24-04-2024","46,510.00","46,510.00","46,510.00","46,510.00","","-0.66%"
"23-04-2024","46,820.00","46,820.00","46,820.00","46,820.00","","-0.45%"
"22-04-2024","47,030.00","47,030.00","47,030.00","47,030.00","","-0.15%"
"19-04-2024","47,100.00","47,100.00","47,100.00","47,100.00","","3.09%"
"18-04-2024","45,690.00","45,690.00","45,690.00","45,690.00","","4.01%"
"16-04-2024","43,930.00","43,930.00","43,930.00","43,930.00","","4.00%"
"15-04-2024","42,240.00","42,240.00","42,240.00","42,240.00","","3.99%"
"12-04-2024","40,620.00","40,620.00","40,620.00","40,620.00","0.01K","-5.99%"
"10-04-2024","43,210.00","43,210.00","43,210.00","43,200.00","0.02K","-5.66%"
"09-04-2024","45,800.00","45,800.00","45,800.00","45,800.00","","-0.89%"
"08-04-2024","46,210.00","46,210.00","46,210.00","46,210.00","","2.85%"
"05-04-2024","44,930.00","44,930.00","44,930.00","44,930.00","","3.24%"
"04-04-2024","43,520.00","43,540.00","43,540.00","43,500.00","0.02K","1.94%"
"03-04-2024","42,690.00","42,500.00","43,000.00","42,500.00","0.08K","0.73%"
"02-04-2024","42,380.00","42,380.00","42,380.00","42,380.00","0.01K","1.61%"
"01-04-2024","41,710.00","41,710.00","41,710.00","41,710.00","0.01K","-0.41%"
"28-03-2024","41,880.00","41,800.00","42,080.00","41,800.00","0.09K","0.22%"
"27-03-2024","41,790.00","41,900.00","41,940.00","41,700.00","0.08K","0.41%"
"26-03-2024","41,620.00","41,520.00","41,700.00","41,520.00","0.09K","-0.05%"
"22-03-2024","41,640.00","41,650.00","41,660.00","41,600.00","0.11K","0.00%"
"21-03-2024","41,640.00","41,500.00","41,700.00","41,500.00","0.15K","-1.09%"
"20-03-2024","42,100.00","42,100.00","42,100.00","42,100.00","","-0.02%"
"19-03-2024","42,110.00","41,010.00","42,110.00","40,600.00","","-0.02%"
"18-03-2024","42,120.00","42,120.00","42,120.00","42,120.00","","-0.78%"
"15-03-2024","42,450.00","41,010.00","42,450.00","40,600.00","","4.25%"
"14-03-2024","40,720.00","41,010.00","41,010.00","40,600.00","0.06K","0.17%"
"13-03-2024","40,650.00","41,370.00","41,370.00","40,600.00","0.29K","-2.77%"
"12-03-2024","41,810.00","41,910.00","41,910.00","41,600.00","0.03K","-0.81%"
"11-03-2024","42,150.00","42,440.00","42,440.00","41,800.00","0.09K","-0.47%"
"07-03-2024","42,350.00","42,180.00","42,450.00","42,150.00","0.08K","-0.28%"
"06-03-2024","42,470.00","42,270.00","42,480.00","42,270.00","0.12K","0.12%"
"05-03-2024","42,420.00","42,700.00","42,740.00","40,630.00","0.08K","-1.44%"
"04-03-2024","43,040.00","45,150.00","45,150.00","42,500.00","0.06K","1.03%"
"01-03-2024","42,600.00","42,670.00","42,670.00","42,560.00","0.04K","-0.40%"
"29-02-2024","42,770.00","42,720.00","42,800.00","42,720.00","0.05K","0.28%"
"28-02-2024","42,650.00","42,700.00","42,700.00","42,580.00","0.10K","-0.07%"
"27-02-2024","42,680.00","42,680.00","42,680.00","42,680.00","0.01K","-0.26%"
"26-02-2024","42,790.00","42,850.00","42,850.00","42,750.00","0.04K","-0.09%"
"23-02-2024","42,830.00","42,700.00","42,870.00","42,700.00","0.07K","0.59%"
"22-02-2024","42,580.00","42,500.00","42,620.00","42,500.00","0.04K","-0.09%"
"21-02-2024","42,620.00","42,650.00","42,710.00","42,550.00","0.06K","-0.88%"
"20-02-2024","43,000.00","42,700.00","42,700.00","42,700.00","","0.68%"
"19-02-2024","42,710.00","42,710.00","42,710.00","42,710.00","","0.87%"
"16-02-2024","42,340.00","42,340.00","42,340.00","42,340.00","","2.59%"
"15-02-2024","41,270.00","41,270.00","41,270.00","41,270.00","0.24K","0.00%"
"14-02-2024","41,270.00","42,150.00","42,150.00","40,510.00","0.20K","-2.64%"
"13-02-2024","42,390.00","42,490.00","42,490.00","42,300.00","0.41K","-0.52%"
"12-02-2024","42,610.00","42,200.00","42,750.00","42,200.00","0.23K","-0.40%"
"09-02-2024","42,780.00","42,900.00","42,900.00","42,730.00","0.24K","-0.23%"
"08-02-2024","42,880.00","42,800.00","42,940.00","42,750.00","0.15K","0.26%"
"07-02-2024","42,770.00","42,720.00","42,800.00","42,600.00","0.22K","0.09%"
"06-02-2024","42,730.00","42,890.00","42,890.00","42,680.00","0.13K","-0.65%"
"05-02-2024","43,010.00","43,000.00","43,050.00","42,990.00","0.05K","-0.05%"
"02-02-2024","43,030.00","43,100.00","43,130.00","42,950.00","0.13K","-0.37%"
"01-02-2024","43,190.00","43,300.00","43,300.00","43,120.00","0.06K","-0.25%"
"31-01-2024","43,300.00","43,350.00","43,350.00","43,220.00","0.06K","-0.23%"
"30-01-2024","43,400.00","43,390.00","43,420.00","43,380.00","0.06K","0.49%"
"29-01-2024","43,190.00","43,300.00","43,300.00","43,110.00","0.05K","-0.02%"
"25-01-2024","43,200.00","43,460.00","43,460.00","43,000.00","0.15K","-0.60%"
"24-01-2024","43,460.00","43,510.00","43,510.00","43,400.00","0.07K","-0.37%"
"23-01-2024","43,620.00","43,650.00","43,650.00","43,580.00","0.06K","0.97%"
"19-01-2024","43,200.00","43,650.00","43,650.00","43,650.00","0.23K","0.68%"
"18-01-2024","42,910.00","42,910.00","42,910.00","42,910.00","","0.21%"
"17-01-2024","42,820.00","42,820.00","42,820.00","42,820.00","","-0.49%"
"16-01-2024","43,030.00","43,030.00","43,030.00","43,030.00","","2.35%"
"15-01-2024","42,040.00","42,200.00","42,200.00","41,350.00","0.39K","-0.69%"
"12-01-2024","42,330.00","43,270.00","43,310.00","42,100.00","0.86K","-2.15%"
"11-01-2024","43,260.00","43,320.00","43,370.00","42,800.00","0.29K","-0.18%"
"10-01-2024","43,340.00","43,310.00","43,480.00","43,310.00","0.21K","0.60%"
"09-01-2024","43,080.00","43,100.00","43,340.00","43,000.00","0.25K","-0.60%"
"08-01-2024","43,340.00","43,550.00","43,550.00","43,250.00","0.11K","-0.25%"
"05-01-2024","43,450.00","43,570.00","43,570.00","43,400.00","0.11K","-0.23%"
"04-01-2024","43,550.00","43,680.00","43,700.00","43,490.00","0.18K","-0.21%"
"03-01-2024","43,640.00","43,440.00","43,700.00","43,440.00","0.16K","0.18%"
"02-01-2024","43,560.00","43,600.00","43,600.00","43,440.00","0.09K","-0.09%"
"01-01-2024","43,600.00","43,800.00","43,840.00","43,490.00","0.13K","0.25%"
"29-12-2023","43,490.00","43,650.00","43,700.00","43,430.00","0.34K","-0.23%"
"28-12-2023","43,590.00","43,750.00","43,750.00","43,560.00","0.25K","-0.32%"
"27-12-2023","43,730.00","43,700.00","43,840.00","43,640.00","0.17K","0.11%"
"26-12-2023","43,680.00","43,840.00","43,840.00","43,610.00","0.33K","-1.06%"
"22-12-2023","44,150.00","44,080.00","44,250.00","44,000.00","0.67K","0.09%"
"21-12-2023","44,110.00","44,110.00","44,160.00","44,080.00","0.31K","0.25%"
"20-12-2023","44,000.00","44,000.00","44,000.00","44,000.00","0.01K","0.00%"
"19-12-2023","44,000.00","44,000.00","44,000.00","44,000.00","0.02K","-0.95%"
"18-12-2023","44,420.00","44,420.00","44,420.00","44,420.00","","0.50%"
"15-12-2023","44,200.00","44,200.00","44,200.00","44,200.00","","1.31%"
"14-12-2023","43,630.00","43,450.00","43,980.00","43,450.00","0.33K","0.51%"
"13-12-2023","43,410.00","43,570.00","43,680.00","43,400.00","0.21K","-0.87%"
"12-12-2023","43,790.00","43,600.00","43,830.00","43,590.00","0.42K","0.76%"
"11-12-2023","43,460.00","43,420.00","43,520.00","43,420.00","0.08K","-0.32%"
"08-12-2023","43,600.00","43,570.00","43,650.00","43,570.00","0.14K","0.09%"
"07-12-2023","43,560.00","43,490.00","43,590.00","43,490.00","0.23K","-0.43%"
"06-12-2023","43,750.00","43,700.00","43,890.00","43,690.00","0.25K","0.34%"
"05-12-2023","43,600.00","43,450.00","43,710.00","43,450.00","0.09K","0.28%"
"04-12-2023","43,480.00","43,540.00","43,550.00","43,380.00","0.15K","0.02%"
"01-12-2023","43,470.00","43,400.00","43,550.00","43,190.00","0.49K","0.09%"
"30-11-2023","43,430.00","43,600.00","43,600.00","43,380.00","0.39K","-0.69%"
"29-11-2023","43,730.00","43,850.00","43,900.00","43,660.00","0.36K","0.21%"
"28-11-2023","43,640.00","44,130.00","44,130.00","42,150.00","0.38K","-1.51%"
"24-11-2023","44,310.00","44,460.00","44,460.00","44,290.00","0.35K","-0.29%"
"23-11-2023","44,440.00","44,550.00","44,630.00","44,400.00","0.28K","-0.09%"
"22-11-2023","44,480.00","44,400.00","44,500.00","44,300.00","0.27K","0.04%"
"21-11-2023","44,460.00","44,470.00","44,540.00","44,330.00","0.16K","1.51%"
"20-11-2023","43,800.00","44,350.00","44,350.00","44,350.00","","-0.64%"
"17-11-2023","44,080.00","44,080.00","44,080.00","44,080.00","","-0.14%"
"16-11-2023","44,140.00","44,140.00","44,140.00","44,140.00","","1.68%"
"15-11-2023","43,410.00","43,410.00","43,410.00","43,400.00","0.05K","2.33%"
"13-11-2023","42,420.00","43,500.00","43,500.00","42,200.00","0.68K","-2.12%"
"12-11-2023","43,340.00","43,340.00","43,340.00","43,340.00","","-1.10%"
"10-11-2023","43,820.00","43,900.00","44,100.00","43,640.00","0.31K","-0.05%"
"09-11-2023","43,840.00","43,600.00","43,900.00","43,500.00","0.36K","0.25%"
"08-11-2023","43,730.00","43,960.00","43,960.00","43,610.00","0.19K","-0.27%"
"07-11-2023","43,850.00","43,450.00","43,900.00","43,370.00","0.57K","0.53%"
"06-11-2023","43,620.00","44,000.00","44,850.00","43,550.00","0.90K","-1.22%"
"03-11-2023","44,160.00","44,400.00","44,400.00","44,010.00","0.30K","-0.50%"
"02-11-2023","44,380.00","44,300.00","44,390.00","43,990.00","0.88K","0.82%"
"01-11-2023","44,020.00","44,200.00","44,250.00","43,980.00","0.45K","-0.61%"
"31-10-2023","44,290.00","44,300.00","44,400.00","44,070.00","0.55K","-0.07%"
"30-10-2023","44,320.00","44,200.00","44,600.00","44,200.00","0.75K","0.20%"
"27-10-2023","44,230.00","44,380.00","44,700.00","44,020.00","0.95K","-0.36%"
"26-10-2023","44,390.00","44,030.00","44,410.00","43,910.00","1.03K","1.09%"
"25-10-2023","43,910.00","43,900.00","44,220.00","43,850.00","0.68K","-0.18%"
"23-10-2023","43,990.00","44,230.00","44,250.00","43,950.00","0.83K","-0.02%"
"20-10-2023","44,000.00","44,400.00","44,400.00","44,400.00","1.32K","-1.15%"
"19-10-2023","44,510.00","44,510.00","44,510.00","44,510.00","","-1.13%"
"18-10-2023","45,020.00","45,020.00","45,020.00","45,020.00","","0.42%"
"17-10-2023","44,830.00","44,830.00","44,830.00","44,830.00","","1.68%"
"16-10-2023","44,090.00","44,550.00","44,800.00","44,010.00","0.39K","-0.52%"
"13-10-2023","44,320.00","44,600.00","44,600.00","44,060.00","0.36K","-0.87%"
"12-10-2023","44,710.00","45,200.00","45,200.00","44,650.00","0.80K","-1.45%"
"11-10-2023","45,370.00","45,650.00","45,750.00","45,270.00","0.42K","-0.20%"
"10-10-2023","45,460.00","45,540.00","45,600.00","45,300.00","0.57K","-0.24%"
"09-10-2023","45,570.00","45,570.00","45,870.00","45,500.00","0.48K","-1.13%"
"06-10-2023","46,090.00","46,240.00","46,300.00","44,210.00","0.43K","-0.07%"
"05-10-2023","46,120.00","45,610.00","46,160.00","45,610.00","0.48K","1.01%"
"04-10-2023","45,660.00","45,470.00","45,690.00","45,320.00","0.36K","0.40%"
"03-10-2023","45,480.00","45,610.00","45,610.00","45,320.00","0.74K","-0.72%"
"29-09-2023","45,810.00","46,180.00","46,180.00","45,770.00","0.78K","-0.76%"
"28-09-2023","46,160.00","46,440.00","46,630.00","45,200.00","0.41K","-0.71%"
"27-09-2023","46,490.00","46,280.00","46,550.00","46,190.00","0.73K","0.32%"
"26-09-2023","46,340.00","46,510.00","46,580.00","46,300.00","0.58K","-0.47%"
"25-09-2023","46,560.00","47,870.00","47,870.00","46,500.00","1.05K","-0.21%"
"22-09-2023","46,660.00","46,890.00","46,890.00","46,570.00","0.87K","-0.32%"
"21-09-2023","46,810.00","46,800.00","47,120.00","46,670.00","0.68K","-1.24%"
"20-09-2023","47,400.00","46,900.00","46,900.00","46,900.00","","-0.67%"
"18-09-2023","47,720.00","47,720.00","47,720.00","47,720.00","","0.57%"
"15-09-2023","47,450.00","47,450.00","47,450.00","47,450.00","","4.95%"
"14-09-2023","45,210.00","45,210.00","45,210.00","45,210.00","0.01K","-0.70%"
"13-09-2023","45,530.00","45,680.00","46,690.00","45,400.00","0.42K","-0.33%"
"12-09-2023","45,680.00","43,930.00","46,280.00","43,930.00","1.03K","-1.38%"
"11-09-2023","46,320.00","46,650.00","46,820.00","46,240.00","0.97K","-0.73%"
"08-09-2023","46,660.00","46,330.00","46,780.00","46,310.00","1.08K","0.63%"
"07-09-2023","46,370.00","46,420.00","46,650.00","46,310.00","0.67K","-0.09%"
"06-09-2023","46,410.00","46,850.00","46,850.00","46,230.00","0.97K","-0.90%"
"05-09-2023","46,830.00","46,900.00","46,970.00","46,790.00","0.53K","0.00%"
"04-09-2023","46,830.00","46,640.00","46,920.00","46,410.00","0.75K","0.62%"
"01-09-2023","46,540.00","46,660.00","46,660.00","46,440.00","0.38K","-0.17%"
"31-08-2023","46,620.00","46,460.00","46,660.00","46,460.00","0.71K","0.63%"
"30-08-2023","46,330.00","46,320.00","46,410.00","46,100.00","0.63K","-0.19%"
"29-08-2023","46,420.00","46,450.00","46,510.00","46,320.00","0.78K","0.11%"
"28-08-2023","46,370.00","46,270.00","46,480.00","46,220.00","0.62K","0.54%"
"25-08-2023","46,120.00","46,120.00","46,250.00","46,070.00","0.80K","0.13%"
"24-08-2023","46,060.00","45,720.00","46,130.00","45,720.00","0.78K","0.94%"
"23-08-2023","45,630.00","45,750.00","45,750.00","45,590.00","0.53K","-0.07%"
"22-08-2023","45,660.00","45,700.00","46,200.00","45,580.00","0.92K","-0.09%"
"21-08-2023","45,700.00","45,770.00","45,850.00","45,510.00","1.06K","-1.30%"
"18-08-2023","46,300.00","45,900.00","45,900.00","45,900.00","0.57K","0.19%"
"17-08-2023","46,210.00","46,210.00","46,210.00","46,210.00","","6.23%"
"16-08-2023","43,500.00","43,500.00","43,500.00","43,500.00","0.01K","-4.48%"
"14-08-2023","45,540.00","45,540.00","45,540.00","45,540.00","","5.76%"
"11-08-2023","43,060.00","44,350.00","44,600.00","42,700.00","0.79K","-3.00%"
"10-08-2023","44,390.00","44,520.00","44,620.00","44,310.00","0.70K","-0.60%"
"09-08-2023","44,660.00","44,670.00","44,830.00","44,600.00","0.58K","-0.20%"
"08-08-2023","44,750.00","44,580.00","44,750.00","44,310.00","0.85K","0.22%"
"07-08-2023","44,650.00","44,510.00","44,910.00","44,510.00","1.36K","0.45%"
"04-08-2023","44,450.00","44,400.00","44,480.00","44,260.00","0.61K","0.02%"
"03-08-2023","44,440.00","44,570.00","44,710.00","44,400.00","0.78K","-0.40%"
"02-08-2023","44,620.00","44,610.00","44,790.00","44,590.00","0.64K","0.38%"
"01-08-2023","44,450.00","44,500.00","44,680.00","44,390.00","0.89K","0.02%"
"31-07-2023","44,440.00","44,360.00","44,490.00","44,150.00","1.40K","0.47%"
"28-07-2023","44,230.00","44,050.00","44,270.00","43,970.00","0.61K","0.48%"
"27-07-2023","44,020.00","43,710.00","44,050.00","43,710.00","0.89K","0.36%"
"26-07-2023","43,860.00","44,750.00","44,750.00","43,840.00","0.82K","-0.70%"
"25-07-2023","44,170.00","43,820.00","44,220.00","43,820.00","1.49K","0.68%"
"24-07-2023","43,870.00","44,350.00","44,350.00","43,830.00","1.00K","-1.13%"
"21-07-2023","44,370.00","44,500.00","44,560.00","44,230.00","1.00K","-0.72%"
"20-07-2023","44,690.00","44,530.00","44,530.00","44,530.00","","-0.71%"
"19-07-2023","45,010.00","45,010.00","45,010.00","45,010.00","","1.99%"
"18-07-2023","44,130.00","44,260.00","44,270.00","44,000.00","0.16K","-2.41%"
"17-07-2023","45,220.00","45,220.00","45,220.00","45,220.00","","5.31%"
"14-07-2023","42,940.00","44,580.00","44,580.00","42,300.00","0.43K","-4.02%"
"13-07-2023","44,740.00","45,700.00","45,700.00","44,700.00","0.36K","-2.48%"
"12-07-2023","45,880.00","45,980.00","46,070.00","45,700.00","0.94K","0.17%"
"11-07-2023","45,800.00","45,350.00","46,000.00","45,250.00","1.21K","0.99%"
"10-07-2023","45,350.00","45,450.00","45,450.00","45,280.00","0.29K","-0.53%"
"07-07-2023","45,590.00","45,720.00","47,700.00","44,600.00","1.02K","-0.48%"
"06-07-2023","45,810.00","45,980.00","46,030.00","45,750.00","1.01K","-0.11%"
"05-07-2023","45,860.00","45,680.00","45,900.00","45,340.00","1.91K","0.39%"
"04-07-2023","45,680.00","45,450.00","45,730.00","45,230.00","0.85K","0.18%"
"03-07-2023","45,600.00","46,050.00","46,050.00","45,520.00","0.65K","-1.23%"
"30-06-2023","46,170.00","46,230.00","46,500.00","46,010.00","1.32K","0.00%"
"28-06-2023","46,170.00","46,050.00","46,270.00","45,910.00","0.94K","0.02%"
"27-06-2023","46,160.00","46,050.00","46,280.00","46,040.00","0.95K","0.35%"
"26-06-2023","46,000.00","46,400.00","46,770.00","45,960.00","1.51K","-0.90%"
"23-06-2023","46,420.00","46,150.00","46,530.00","46,100.00","0.67K","0.28%"
"22-06-2023","46,290.00","46,520.00","46,570.00","46,250.00","0.43K","-0.49%"
"21-06-2023","46,520.00","46,520.00","46,770.00","46,470.00","1.15K","-5.06%"
"20-06-2023","49,000.00","49,000.00","49,000.00","49,000.00","0.08K","-0.67%"
"19-06-2023","49,330.00","49,100.00","49,500.00","49,100.00","0.21K","2.39%"
"16-06-2023","48,180.00","48,180.00","48,180.00","48,180.00","","0.38%"
"15-06-2023","48,000.00","48,000.00","48,000.00","48,000.00","","-0.37%"
"14-06-2023","48,180.00","48,100.00","48,200.00","48,100.00","0.19K","0.56%"
"13-06-2023","47,910.00","47,620.00","48,100.00","47,620.00","0.72K","0.95%"
"12-06-2023","47,460.00","47,080.00","47,550.00","47,080.00","0.47K","1.22%"
"09-06-2023","46,890.00","46,730.00","47,030.00","46,730.00","0.80K","0.71%"
"08-06-2023","46,560.00","46,950.00","47,080.00","46,490.00","0.99K","-0.53%"
"07-06-2023","46,810.00","46,500.00","46,810.00","46,480.00","0.71K","0.71%"
"06-06-2023","46,480.00","46,000.00","46,550.00","45,860.00","0.67K","0.78%"
"05-06-2023","46,120.00","46,210.00","46,400.00","46,100.00","0.76K","-0.17%"
"02-06-2023","46,200.00","46,180.00","46,380.00","45,980.00","0.65K","-0.17%"
"01-06-2023","46,280.00","46,180.00","46,500.00","46,180.00","0.67K","0.22%"
"31-05-2023","46,180.00","46,150.00","46,330.00","46,000.00","1.15K","0.28%"
"30-05-2023","46,050.00","44,770.00","46,200.00","44,770.00","1.27K","0.63%"
"29-05-2023","45,760.00","45,930.00","45,930.00","45,620.00","0.61K","-0.33%"
"26-05-2023","45,910.00","45,990.00","48,250.00","43,320.00","1.02K","-0.15%"
"25-05-2023","45,980.00","46,350.00","46,350.00","45,870.00","1.51K","-0.22%"
"24-05-2023","46,080.00","45,670.00","46,200.00","45,670.00","0.66K","0.63%"
"23-05-2023","45,790.00","45,900.00","46,050.00","45,610.00","1.38K","-0.35%"
"22-05-2023","45,950.00","46,400.00","46,400.00","45,820.00","1.21K","-4.67%"
"19-05-2023","48,200.00","46,280.00","46,280.00","46,280.00","","0.19%"
"18-05-2023","48,110.00","48,110.00","48,110.00","48,110.00","","-0.85%"
"17-05-2023","48,520.00","48,520.00","48,520.00","48,520.00","","1.02%"
"16-05-2023","48,030.00","48,030.00","48,030.00","48,030.00","","5.26%"
"15-05-2023","45,630.00","45,650.00","45,750.00","45,490.00","0.22K","-0.63%"
"12-05-2023","45,920.00","45,470.00","46,080.00","45,470.00","0.91K","0.77%"
"11-05-2023","45,570.00","45,230.00","45,750.00","44,800.00","0.98K","0.66%"
"10-05-2023","45,270.00","44,840.00","45,270.00","44,810.00","0.93K","0.62%"
"09-05-2023","44,990.00","45,030.00","45,230.00","44,910.00","1.10K","0.29%"
"08-05-2023","44,860.00","44,430.00","44,920.00","44,220.00","1.07K","0.85%"
"05-05-2023","44,480.00","45,300.00","45,350.00","44,400.00","0.85K","-2.03%"
"04-05-2023","45,400.00","46,190.00","46,190.00","45,200.00","0.57K","-1.86%"
"03-05-2023","46,260.00","46,550.00","46,600.00","45,720.00","0.94K","-0.62%"
"02-05-2023","46,550.00","46,810.00","46,810.00","46,520.00","0.75K","-1.08%"
"28-04-2023","47,060.00","47,210.00","47,360.00","47,000.00","0.65K","-0.19%"
"27-04-2023","47,150.00","47,440.00","47,570.00","47,040.00","1.07K","-0.80%"
"26-04-2023","47,530.00","47,510.00","47,690.00","47,490.00","0.63K","-0.11%"
"25-04-2023","47,580.00","47,390.00","47,780.00","47,390.00","0.82K","0.27%"
"24-04-2023","47,450.00","48,160.00","48,240.00","47,410.00","1.24K","-1.45%"
"21-04-2023","48,150.00","48,150.00","48,260.00","48,000.00","0.46K","-1.13%"
"20-04-2023","48,700.00","48,210.00","48,210.00","48,210.00","","0.39%"
"19-04-2023","48,510.00","48,510.00","48,510.00","48,510.00","","-1.04%"
"18-04-2023","49,020.00","49,020.00","49,020.00","49,020.00","","-0.02%"
"17-04-2023","49,030.00","49,030.00","49,030.00","49,030.00","","3.48%"
"13-04-2023","47,380.00","47,230.00","47,700.00","47,120.00","0.43K","0.21%"
"12-04-2023","47,280.00","47,280.00","47,500.00","47,150.00","0.38K","-0.13%"
"11-04-2023","47,340.00","47,450.00","47,550.00","47,280.00","0.59K","-0.57%"
"10-04-2023","47,610.00","48,480.00","48,490.00","47,460.00","1.12K","-2.12%"
"06-04-2023","48,640.00","48,700.00","48,770.00","48,610.00","0.36K","-0.33%"
"05-04-2023","48,800.00","48,800.00","49,000.00","48,760.00","0.84K","0.14%"
"03-04-2023","48,730.00","48,990.00","49,020.00","48,650.00","0.59K","-0.43%"
"31-03-2023","48,940.00","48,590.00","48,950.00","48,580.00","1.93K","0.89%"
"29-03-2023","48,510.00","48,550.00","48,820.00","48,440.00","1.51K","0.06%"
"28-03-2023","48,480.00","48,420.00","48,500.00","48,190.00","0.78K","-0.12%"
"27-03-2023","48,540.00","48,370.00","49,430.00","48,350.00","0.65K","0.48%"
"24-03-2023","48,310.00","48,480.00","48,620.00","48,300.00","1.31K","-0.17%"
"23-03-2023","48,390.00","48,240.00","48,420.00","48,100.00","1.18K","0.27%"
"22-03-2023","48,260.00","48,500.00","48,680.00","48,210.00","1.14K","-0.47%"
"21-03-2023","48,490.00","48,340.00","48,500.00","48,100.00","1.60K","-1.86%"
"20-03-2023","49,410.00","49,500.00","49,500.00","49,400.00","0.51K","-1.67%"
"17-03-2023","50,250.00","50,250.00","50,250.00","50,250.00","0.20K","2.89%"
"16-03-2023","48,840.00","48,840.00","48,840.00","48,840.00","","-2.88%"
"15-03-2023","50,290.00","50,400.00","50,400.00","50,010.00","0.12K","-0.02%"
"14-03-2023","50,300.00","50,390.00","50,490.00","50,110.00","0.27K","0.40%"
"13-03-2023","50,100.00","49,520.00","50,490.00","49,420.00","0.44K","0.97%"
"10-03-2023","49,620.00","49,720.00","49,770.00","49,420.00","1.22K","-0.26%"
"09-03-2023","49,750.00","50,010.00","50,010.00","49,610.00","0.83K","-0.36%"
"08-03-2023","49,930.00","49,700.00","50,060.00","49,700.00","0.48K","0.42%"
"06-03-2023","49,720.00","49,510.00","49,880.00","49,500.00","1.37K","0.81%"
"03-03-2023","49,320.00","49,240.00","49,350.00","49,150.00","1.02K","0.16%"
"02-03-2023","49,240.00","49,380.00","49,460.00","49,220.00","0.69K","-0.14%"
"01-03-2023","49,310.00","49,150.00","49,500.00","49,130.00","0.77K","0.26%"
"28-02-2023","49,180.00","48,900.00","49,260.00","48,850.00","1.53K","0.74%"
"27-02-2023","48,820.00","48,600.00","48,920.00","48,600.00","0.95K","0.31%"
"24-02-2023","48,670.00","49,270.00","49,270.00","48,570.00","1.70K","-1.16%"
"23-02-2023","49,240.00","49,550.00","49,600.00","49,150.00","1.49K","-0.53%"
"22-02-2023","49,500.00","49,350.00","49,590.00","49,150.00","2.79K","0.16%"
"21-02-2023","49,420.00","49,250.00","49,750.00","49,250.00","1.84K","0.86%"
"20-02-2023","49,000.00","49,290.00","49,290.00","49,290.00","","-0.06%"
"17-02-2023","49,030.00","49,030.00","49,030.00","49,030.00","","1.93%"
"15-02-2023","48,100.00","48,100.00","48,100.00","48,100.00","","2.34%"
"14-02-2023","47,000.00","47,350.00","47,700.00","44,520.00","0.56K","-0.49%"
"13-02-2023","47,230.00","46,980.00","47,390.00","46,650.00","1.64K","0.47%"
"10-02-2023","47,010.00","47,650.00","47,650.00","46,800.00","0.77K","-1.30%"
"09-02-2023","47,630.00","48,130.00","48,290.00","46,740.00","1.09K","-1.12%"
"08-02-2023","48,170.00","48,240.00","48,280.00","47,990.00","1.37K","-0.29%"
"07-02-2023","48,310.00","48,510.00","48,530.00","48,130.00","1.79K","-0.51%"
"06-02-2023","48,560.00","48,630.00","48,640.00","48,360.00","1.48K","0.12%"
"03-02-2023","48,500.00","48,510.00","48,660.00","48,250.00","1.88K","0.14%"
"02-02-2023","48,430.00","48,610.00","48,790.00","48,250.00","0.81K","-0.64%"
"01-02-2023","48,740.00","49,230.00","49,440.00","48,620.00","1.54K","-0.93%"
"31-01-2023","49,200.00","49,810.00","49,810.00","49,060.00","1.41K","-1.22%"
"30-01-2023","49,810.00","50,170.00","50,280.00","49,790.00","0.82K","-0.64%"
"27-01-2023","50,130.00","50,490.00","50,490.00","50,060.00","0.64K","0.08%"
"25-01-2023","50,090.00","50,180.00","50,270.00","50,040.00","1.03K","-0.06%"
"24-01-2023","50,120.00","50,340.00","50,410.00","50,000.00","2.01K","-0.42%"
"23-01-2023","50,330.00","50,330.00","50,570.00","50,180.00","2.19K","-0.34%"
"20-01-2023","50,500.00","50,500.00","50,500.00","50,500.00","0.01K","0.00%"
"19-01-2023","50,500.00","50,500.00","50,500.00","50,500.00","0.01K","1.36%"
"18-01-2023","49,820.00","49,820.00","49,820.00","49,820.00","","-0.86%"
"17-01-2023","50,250.00","50,000.00","50,500.00","50,000.00","0.02K","0.32%"
"16-01-2023","50,090.00","49,700.00","51,000.00","49,700.00","0.05K","0.99%"
"13-01-2023","49,600.00","49,180.00","49,750.00","49,180.00","0.75K","1.27%"
"12-01-2023","48,980.00","49,060.00","49,190.00","48,850.00","0.79K","0.37%"
"11-01-2023","48,800.00","48,090.00","48,850.00","48,090.00","1.31K","1.75%"
"10-01-2023","47,960.00","48,320.00","48,630.00","47,880.00","0.74K","-0.75%"
"09-01-2023","48,320.00","48,800.00","48,870.00","47,850.00","1.16K","-1.04%"
"06-01-2023","48,830.00","48,800.00","48,900.00","48,510.00","1.02K","-0.33%"
"05-01-2023","48,990.00","48,830.00","49,070.00","48,600.00","1.01K","0.33%"
"04-01-2023","48,830.00","48,800.00","48,900.00","48,340.00","1.41K","-0.22%"
"03-01-2023","48,940.00","49,340.00","49,350.00","48,710.00","0.94K","-0.75%"
"02-01-2023","49,310.00","48,800.00","49,390.00","48,760.00","1.28K","1.40%"
"30-12-2022","48,630.00","48,100.00","48,670.00","48,100.00","2.41K","1.21%"
"29-12-2022","48,050.00","48,340.00","48,340.00","47,880.00","1.46K","-0.56%"
"28-12-2022","48,320.00","48,010.00","48,600.00","47,960.00","1.90K","0.81%"
"27-12-2022","47,930.00","47,750.00","48,200.00","47,750.00","3.24K","0.40%"
"26-12-2022","47,740.00","47,110.00","47,900.00","47,110.00","2.29K","1.66%"
"23-12-2022","46,960.00","46,370.00","47,000.00","46,140.00","3.06K","1.32%"
"22-12-2022","46,350.00","46,380.00","46,500.00","46,100.00","0.84K","0.30%"
"21-12-2022","46,210.00","46,470.00","46,470.00","46,070.00","2.35K","0.46%"
"20-12-2022","46,000.00","46,000.00","46,000.00","46,000.00","0.01K","0.00%"
"19-12-2022","46,000.00","46,000.00","46,000.00","46,000.00","0.04K","-2.21%"
"16-12-2022","47,040.00","47,040.00","47,040.00","47,040.00","","3.50%"
"15-12-2022","45,450.00","45,450.00","45,450.00","45,450.00","0.01K","-0.26%"
"14-12-2022","45,570.00","45,800.00","46,450.00","44,010.00","0.50K","-1.17%"
"13-12-2022","46,110.00","46,410.00","46,410.00","45,980.00","0.44K","-0.80%"
"12-12-2022","46,480.00","46,990.00","47,020.00","46,420.00","3.55K","-1.25%"
"09-12-2022","47,070.00","46,840.00","47,540.00","46,800.00","2.66K","0.79%"
"08-12-2022","46,700.00","46,190.00","47,250.00","46,150.00","3.57K","1.41%"
"07-12-2022","46,050.00","45,700.00","46,130.00","45,700.00","1.27K","0.94%"
"06-12-2022","45,620.00","45,900.00","45,900.00","45,440.00","1.86K","-0.35%"
"05-12-2022","45,780.00","45,300.00","45,870.00","45,270.00","1.96K","1.53%"
"02-12-2022","45,090.00","45,450.00","45,730.00","44,900.00","1.64K","-0.57%"
"01-12-2022","45,350.00","45,520.00","46,590.00","44,580.00","2.34K","0.60%"
"30-11-2022","45,080.00","45,000.00","45,150.00","44,450.00","1.71K","1.99%"
"29-11-2022","44,200.00","43,310.00","44,260.00","43,310.00","2.46K","1.84%"
"28-11-2022","43,400.00","43,530.00","43,700.00","43,260.00","2.28K","-0.05%"
"25-11-2022","43,420.00","42,880.00","43,470.00","42,700.00","3.19K","1.02%"
"24-11-2022","42,980.00","43,200.00","43,600.00","42,880.00","3.95K","-0.76%"
"23-11-2022","43,310.00","43,830.00","43,830.00","43,260.00","1.89K","-1.30%"
"22-11-2022","43,880.00","44,330.00","44,410.00","43,850.00","1.97K","-0.90%"
"21-11-2022","44,280.00","45,250.00","45,250.00","44,000.00","3.49K","3.46%"
"18-11-2022","42,800.00","42,800.00","42,800.00","42,640.00","1.75K","-1.29%"
"17-11-2022","43,360.00","43,360.00","43,360.00","43,360.00","","-2.28%"
"16-11-2022","44,370.00","44,370.00","44,370.00","44,370.00","","-3.25%"
"15-11-2022","45,860.00","45,990.00","45,990.00","45,770.00","0.14K","3.57%"
"14-11-2022","44,280.00","44,120.00","44,470.00","44,110.00","0.24K","-2.75%"
"11-11-2022","45,530.00","45,280.00","45,990.00","44,910.00","0.63K","0.33%"
"10-11-2022","45,380.00","46,300.00","46,300.00","44,870.00","0.60K","-2.22%"
"09-11-2022","46,410.00","46,470.00","46,770.00","46,350.00","0.97K","0.13%"
"07-11-2022","46,350.00","46,420.00","46,610.00","44,650.00","0.66K","-1.45%"
"04-11-2022","47,030.00","47,070.00","47,200.00","46,640.00","1.42K","-0.42%"
"03-11-2022","47,230.00","47,410.00","47,650.00","47,140.00","0.61K","-0.44%"
"02-11-2022","47,440.00","47,720.00","47,740.00","47,300.00","1.27K","-0.55%"
"01-11-2022","47,700.00","47,960.00","48,070.00","47,650.00","0.63K","-0.44%"
"31-10-2022","47,910.00","47,900.00","48,040.00","47,680.00","0.74K","-0.27%"
"28-10-2022","48,040.00","48,120.00","48,160.00","47,890.00","0.56K","-0.44%"
"27-10-2022","48,250.00","48,590.00","48,770.00","48,150.00","1.42K","-1.01%"
"25-10-2022","48,740.00","48,970.00","48,970.00","48,650.00","0.38K","-0.75%"
"24-10-2022","49,110.00","49,120.00","49,120.00","49,090.00","0.02K","0.14%"
"21-10-2022","49,040.00","48,650.00","49,120.00","48,600.00","1.39K","-0.33%"
"20-10-2022","49,200.00","48,610.00","48,610.00","48,610.00","","-0.63%"
"19-10-2022","49,510.00","49,510.00","49,510.00","49,510.00","","0.20%"
"18-10-2022","49,410.00","49,410.00","49,410.00","49,410.00","0.02K","2.07%"
"17-10-2022","48,410.00","48,400.00","48,410.00","48,400.00","0.02K","-2.10%"
"14-10-2022","49,450.00","49,840.00","49,840.00","48,110.00","0.43K","-0.90%"
"13-10-2022","49,900.00","50,150.00","50,150.00","49,700.00","0.23K","-0.85%"
"12-10-2022","50,330.00","49,700.00","50,650.00","49,700.00","2.08K","1.59%"
"11-10-2022","49,540.00","49,890.00","49,890.00","49,340.00","0.93K","-0.80%"
"10-10-2022","49,940.00","49,900.00","49,980.00","49,890.00","0.35K","0.06%"
"07-10-2022","49,910.00","49,900.00","49,950.00","49,740.00","0.91K","-0.12%"
"06-10-2022","49,970.00","49,650.00","50,020.00","49,650.00","0.74K","0.83%"
"04-10-2022","49,560.00","49,200.00","49,570.00","49,200.00","0.89K","0.67%"
"03-10-2022","49,230.00","49,700.00","49,700.00","49,140.00","1.01K","-1.01%"
"30-09-2022","49,730.00","49,610.00","49,770.00","49,580.00","0.52K","0.12%"
"29-09-2022","49,670.00","49,310.00","49,690.00","49,200.00","0.78K","0.59%"
"28-09-2022","49,380.00","49,620.00","49,620.00","49,250.00","1.31K","-0.52%"
"27-09-2022","49,640.00","49,360.00","49,670.00","49,360.00","1.53K","0.55%"
"26-09-2022","49,370.00","48,850.00","49,440.00","48,800.00","0.80K","1.56%"
"23-09-2022","48,610.00","48,750.00","48,750.00","48,350.00","0.75K","0.00%"
"22-09-2022","48,610.00","48,390.00","48,660.00","48,200.00","0.93K","0.23%"
"21-09-2022","48,500.00","48,470.00","48,810.00","48,460.00","0.78K","-3.00%"
"20-09-2022","50,000.00","48,490.00","48,490.00","48,490.00","","-2.82%"
"19-09-2022","51,450.00","51,400.00","51,550.00","51,400.00","0.15K","1.00%"
"16-09-2022","50,940.00","50,940.00","50,940.00","50,940.00","","-1.09%"
"15-09-2022","51,500.00","51,500.00","51,500.00","51,500.00","0.04K","0.59%"
"14-09-2022","51,200.00","51,200.00","51,200.00","51,200.00","0.02K","0.75%"
"13-09-2022","50,820.00","50,180.00","51,100.00","50,180.00","0.55K","1.62%"
"12-09-2022","50,010.00","49,800.00","50,090.00","49,800.00","0.30K","0.56%"
"09-09-2022","49,730.00","49,520.00","49,750.00","49,450.00","0.30K","0.30%"
"08-09-2022","49,580.00","49,440.00","49,680.00","49,440.00","0.65K","0.49%"
"07-09-2022","49,340.00","49,130.00","49,450.00","49,120.00","0.31K","0.26%"
"06-09-2022","49,210.00","49,210.00","49,400.00","49,100.00","0.71K","0.33%"
"05-09-2022","49,050.00","49,480.00","49,480.00","49,000.00","0.68K","-1.07%"
"02-09-2022","49,580.00","49,070.00","49,600.00","49,020.00","1.04K","0.75%"
"01-09-2022","49,210.00","49,240.00","49,450.00","49,110.00","1.05K","-0.24%"
"30-08-2022","49,330.00","49,370.00","49,550.00","49,090.00","0.97K","-0.62%"
"29-08-2022","49,640.00","50,110.00","50,110.00","49,550.00","1.00K","-1.10%"
"26-08-2022","50,190.00","50,250.00","50,260.00","50,150.00","0.37K","0.00%"
"25-08-2022","50,190.00","50,670.00","50,680.00","49,850.00","1.45K","-1.24%"
"24-08-2022","50,820.00","51,100.00","51,190.00","50,750.00","0.99K","-0.35%"
"23-08-2022","51,000.00","51,160.00","51,160.00","50,840.00","0.75K","-0.80%"
"22-08-2022","51,410.00","52,200.00","52,200.00","51,260.00","0.40K","-2.17%"
"19-08-2022","52,550.00","52,550.00","52,550.00","52,550.00","","-0.30%"
"18-08-2022","52,710.00","52,710.00","52,710.00","52,710.00","","-0.96%"
"17-08-2022","53,220.00","53,220.00","53,220.00","53,220.00","","-0.76%"
"16-08-2022","53,630.00","53,630.00","53,630.00","53,630.00","","0.32%"
"12-08-2022","53,460.00","53,460.00","53,460.00","53,460.00","","1.31%"
"11-08-2022","52,770.00","52,770.00","52,770.00","52,770.00","","0.29%"
"10-08-2022","52,620.00","52,620.00","52,620.00","52,620.00","","1.41%"
"08-08-2022","51,890.00","51,890.00","51,890.00","51,890.00","","-1.37%"
"05-08-2022","52,610.00","52,610.00","52,610.00","52,610.00","","-1.15%"
"04-08-2022","53,220.00","53,220.00","53,220.00","53,220.00","","-0.39%"
"03-08-2022","53,430.00","53,430.00","53,430.00","53,430.00","","2.06%"
"02-08-2022","52,350.00","52,350.00","52,350.00","52,350.00","0.02K","0.38%"
"01-08-2022","52,150.00","52,100.00","52,200.00","52,100.00","0.02K","-1.34%"
"29-07-2022","52,860.00","52,860.00","52,860.00","52,860.00","","0.55%"
"28-07-2022","52,570.00","52,570.00","52,570.00","52,570.00","","0.17%"
"27-07-2022","52,480.00","52,480.00","52,480.00","52,480.00","0.01K","0.38%"
"26-07-2022","52,280.00","52,280.00","52,280.00","52,280.00","","2.59%"
"25-07-2022","50,960.00","50,960.00","50,960.00","50,960.00","","-3.81%"
"22-07-2022","52,980.00","52,980.00","52,980.00","52,980.00","0.01K","4.91%"
"21-07-2022","50,500.00","50,500.00","50,500.00","50,500.00","0.01K","-2.32%"
"20-07-2022","51,700.00","51,700.00","51,700.00","51,700.00","","-0.21%"
"19-07-2022","51,810.00","51,810.00","51,810.00","51,810.00","","-1.35%"
"18-07-2022","52,520.00","52,520.00","52,520.00","52,520.00","","-1.35%"
"15-07-2022","53,240.00","53,240.00","53,240.00","53,240.00","","-0.58%"
"14-07-2022","53,550.00","53,550.00","53,550.00","53,550.00","","0.70%"
"13-07-2022","53,180.00","53,180.00","53,180.00","53,180.00","0.01K","-2.01%"
"12-07-2022","54,270.00","54,270.00","54,270.00","54,270.00","","2.42%"
"11-07-2022","52,990.00","53,180.00","53,180.00","52,800.00","0.02K","4.11%"
"08-07-2022","50,900.00","50,900.00","50,900.00","50,900.00","0.01K","0.10%"
"07-07-2022","50,850.00","50,850.00","50,850.00","50,850.00","0.01K","0.06%"
"06-07-2022","50,820.00","50,820.00","50,820.00","50,820.00","0.01K","0.00%"
"05-07-2022","50,820.00","50,820.00","50,820.00","50,820.00","0.01K","-0.06%"
"04-07-2022","50,850.00","50,850.00","50,850.00","50,850.00","0.01K","1.72%"
"01-07-2022","49,990.00","49,990.00","49,990.00","49,990.00","0.01K","0.10%"
"30-06-2022","49,940.00","49,940.00","49,940.00","49,940.00","0.01K","0.00%"
"29-06-2022","49,940.00","49,940.00","49,940.00","49,940.00","0.01K","0.40%"
"28-06-2022","49,740.00","49,520.00","49,950.00","49,520.00","0.02K","0.48%"
"27-06-2022","49,500.00","49,500.00","49,500.00","49,500.00","0.01K","5.54%"
"24-06-2022","46,900.00","46,800.00","47,000.00","46,800.00","0.02K","0.86%"
"23-06-2022","46,500.00","46,500.00","46,500.00","46,500.00","0.01K","-0.21%"
"22-06-2022","46,600.00","46,600.00","46,600.00","46,600.00","0.01K","-0.85%"
"21-06-2022","47,000.00","47,000.00","47,000.00","47,000.00","0.01K","-3.69%"
"20-06-2022","48,800.00","47,200.00","47,200.00","47,200.00","","-1.47%"
"17-06-2022","49,530.00","49,530.00","49,530.00","49,530.00","","1.43%"
"16-06-2022","48,830.00","48,830.00","48,830.00","48,830.00","","1.01%"
"15-06-2022","48,340.00","48,340.00","48,340.00","48,340.00","","-0.58%"
"14-06-2022","48,620.00","49,440.00","49,440.00","48,200.00","0.03K","-0.61%"
"13-06-2022","48,920.00","47,910.00","49,130.00","47,910.00","0.11K","2.09%"
"10-06-2022","47,920.00","47,900.00","47,940.00","47,900.00","0.05K","0.25%"
"09-06-2022","47,800.00","47,850.00","47,850.00","47,750.00","0.02K","2.14%"
"08-06-2022","46,800.00","46,800.00","46,800.00","46,800.00","0.01K","0.28%"
"07-06-2022","46,670.00","46,400.00","46,930.00","46,400.00","0.02K","-1.12%"
"06-06-2022","47,200.00","47,100.00","47,300.00","47,100.00","0.04K","-0.23%"
"03-06-2022","47,310.00","47,100.00","47,500.00","47,100.00","0.04K","0.87%"
"02-06-2022","46,900.00","46,600.00","47,000.00","46,600.00","0.08K","0.39%"
"01-06-2022","46,720.00","47,050.00","47,050.00","46,300.00","0.09K","-2.67%"
"31-05-2022","48,000.00","48,400.00","48,400.00","47,600.00","0.03K","-1.38%"
"30-05-2022","48,670.00","48,300.00","49,200.00","48,300.00","0.03K","1.91%"
"27-05-2022","47,760.00","47,760.00","47,760.00","47,760.00","0.01K","-0.91%"
"26-05-2022","48,200.00","48,400.00","48,400.00","48,000.00","0.02K","0.73%"
"25-05-2022","47,850.00","48,500.00","48,500.00","46,690.00","0.03K","-1.46%"
"24-05-2022","48,560.00","48,690.00","48,700.00","48,000.00","0.05K","-2.70%"
"23-05-2022","49,910.00","51,000.00","51,000.00","48,410.00","0.06K","-10.88%"
"20-05-2022","56,000.00","56,000.00","56,000.00","56,000.00","0.02K","4.46%"
"19-05-2022","53,610.00","53,610.00","53,610.00","53,610.00","","0.54%"
"18-05-2022","53,320.00","53,320.00","53,320.00","53,320.00","","-0.93%"
"17-05-2022","53,820.00","53,820.00","53,820.00","53,820.00","","4.38%"
"16-05-2022","51,560.00","51,110.00","52,000.00","51,110.00","0.02K","-2.94%"
"13-05-2022","53,120.00","53,600.00","54,500.00","52,300.00","0.07K","-2.50%"
"12-05-2022","54,480.00","54,790.00","54,790.00","54,200.00","0.07K","2.50%"
"11-05-2022","53,150.00","53,600.00","53,600.00","53,000.00","0.06K","-3.70%"
"10-05-2022","55,190.00","56,300.00","56,300.00","54,800.00","0.06K","-2.32%"
"09-05-2022","56,500.00","56,790.00","56,790.00","56,000.00","0.03K","-0.09%"
"06-05-2022","56,550.00","56,300.00","56,800.00","56,100.00","0.08K","0.62%"
"05-05-2022","56,200.00","55,800.00","56,490.00","55,400.00","0.13K","0.66%"
"04-05-2022","55,830.00","56,400.00","56,400.00","55,000.00","0.09K","-2.05%"
"03-05-2022","57,000.00","57,000.00","57,000.00","57,000.00","0.01K","0.96%"
"02-05-2022","56,460.00","56,900.00","56,900.00","56,200.00","0.07K","-2.18%"
"29-04-2022","57,720.00","57,200.00","58,010.00","57,200.00","0.07K","2.11%"
"28-04-2022","56,530.00","56,200.00","56,980.00","56,200.00","0.03K","2.21%"
"27-04-2022","55,310.00","55,000.00","56,010.00","54,700.00","0.10K","-0.09%"
"26-04-2022","55,360.00","55,000.00","56,000.00","55,000.00","0.08K","-1.76%"
"25-04-2022","56,350.00","57,420.00","57,420.00","54,640.00","0.06K","-2.32%"
"22-04-2022","57,690.00","58,450.00","58,450.00","57,200.00","0.04K","-1.42%"
"21-04-2022","58,520.00","58,400.00","58,870.00","58,100.00","0.10K","-5.08%"
"20-04-2022","61,650.00","63,100.00","63,100.00","60,200.00","0.02K","3.16%"
"19-04-2022","59,760.00","59,760.00","59,760.00","59,760.00","","2.95%"
"18-04-2022","58,050.00","58,030.00","58,110.00","57,990.00","0.06K","3.77%"
"14-04-2022","55,940.00","55,940.00","55,940.00","55,940.00","","2.55%"
"13-04-2022","54,550.00","54,700.00","57,000.00","54,000.00","0.17K","0.13%"
"12-04-2022","54,480.00","54,210.00","55,510.00","54,000.00","0.16K","-1.09%"
"11-04-2022","55,080.00","55,890.00","55,890.00","54,600.00","0.17K","-1.40%"
"08-04-2022","55,860.00","56,150.00","56,600.00","55,590.00","0.29K","-0.57%"
"07-04-2022","56,180.00","56,780.00","56,780.00","55,900.00","0.33K","-0.65%"
"06-04-2022","56,550.00","57,630.00","57,630.00","56,000.00","0.09K","-1.52%"
"05-04-2022","57,420.00","57,200.00","58,200.00","57,100.00","0.16K","-0.07%"
"04-04-2022","57,460.00","57,210.00","57,630.00","57,210.00","0.05K","-1.49%"
"01-04-2022","58,330.00","58,650.00","58,740.00","57,720.00","0.05K","0.86%"
"31-03-2022","57,830.00","58,350.00","58,350.00","57,300.00","0.04K","-0.40%"
"30-03-2022","58,060.00","57,400.00","58,750.00","57,200.00","0.07K","0.03%"
"29-03-2022","58,040.00","58,300.00","58,300.00","57,510.00","0.07K","-1.51%"
"28-03-2022","58,930.00","58,600.00","59,110.00","58,600.00","0.04K","0.44%"
"25-03-2022","58,670.00","59,430.00","59,800.00","58,200.00","0.11K","-1.28%"
"24-03-2022","59,430.00","58,700.00","60,090.00","58,700.00","0.08K","-0.13%"
"23-03-2022","59,510.00","60,800.00","60,800.00","59,200.00","0.21K","-1.70%"
"22-03-2022","60,540.00","60,100.00","61,400.00","60,010.00","0.21K","0.80%"
"21-03-2022","60,060.00","60,480.00","60,480.00","59,300.00","0.10K","4.89%"
"18-03-2022","57,260.00","57,260.00","57,260.00","57,260.00","","0.37%"
"17-03-2022","57,050.00","57,050.00","57,050.00","57,050.00","","-0.80%"
"16-03-2022","57,510.00","57,510.00","57,510.00","57,510.00","","-2.85%"
"15-03-2022","59,200.00","59,200.00","59,200.00","59,200.00","0.01K","-1.43%"
"14-03-2022","60,060.00","61,500.00","61,500.00","59,200.00","0.05K","-2.93%"
"11-03-2022","61,870.00","61,800.00","62,000.00","61,750.00","0.11K","2.30%"
"10-03-2022","60,480.00","59,800.00","60,700.00","59,610.00","0.24K","-0.41%"
"09-03-2022","60,730.00","60,400.00","61,390.00","60,050.00","0.15K","2.14%"
"08-03-2022","59,460.00","58,850.00","60,000.00","58,000.00","0.19K","-0.73%"
"07-03-2022","59,900.00","58,000.00","60,600.00","57,470.00","0.41K","5.63%"
"04-03-2022","56,710.00","56,500.00","56,910.00","56,310.00","0.47K","1.09%"
"03-03-2022","56,100.00","54,790.00","56,520.00","54,720.00","0.53K","3.91%"
"02-03-2022","53,990.00","52,600.00","54,050.00","52,600.00","0.54K","1.87%"
"01-03-2022","53,000.00","52,500.00","53,500.00","52,500.00","0.02K","3.50%"
"28-02-2022","51,210.00","50,800.00","51,600.00","50,800.00","0.10K","1.69%"
"25-02-2022","50,360.00","50,700.00","50,700.00","49,850.00","0.05K","0.72%"
"24-02-2022","50,000.00","49,950.00","50,050.00","49,950.00","0.02K","1.42%"
"23-02-2022","49,300.00","49,000.00","49,900.00","49,000.00","0.03K","-0.40%"
"22-02-2022","49,500.00","49,500.00","49,500.00","49,500.00","0.01K","-0.54%"
"21-02-2022","49,770.00","49,500.00","49,900.00","49,500.00","0.04K","0.34%"
"18-02-2022","49,600.00","49,500.00","49,500.00","49,500.00","","0.08%"
"17-02-2022","49,560.00","49,560.00","49,560.00","49,560.00","","1.31%"
"16-02-2022","48,920.00","48,920.00","48,920.00","48,920.00","","1.66%"
"15-02-2022","48,120.00","48,120.00","48,120.00","48,120.00","","-0.84%"
"14-02-2022","48,530.00","48,530.00","48,530.00","48,530.00","","-0.84%"
"11-02-2022","48,940.00","48,940.00","48,940.00","48,940.00","","-0.22%"
"10-02-2022","49,050.00","49,050.00","49,050.00","49,050.00","","0.51%"
"09-02-2022","48,800.00","48,800.00","48,800.00","48,800.00","0.01K","0.21%"
"08-02-2022","48,700.00","48,700.00","48,700.00","48,700.00","0.01K","0.41%"
"07-02-2022","48,500.00","48,500.00","48,500.00","48,500.00","0.01K","0.00%"
"04-02-2022","48,500.00","48,500.00","48,500.00","48,500.00","0.01K","1.04%"
"03-02-2022","48,000.00","48,000.00","48,000.00","48,000.00","0.01K","0.00%"
"02-02-2022","48,000.00","48,000.00","48,000.00","48,000.00","0.01K","1.05%"
"01-02-2022","47,500.00","47,500.00","47,500.00","47,500.00","0.01K","0.00%"
"31-01-2022","47,500.00","47,500.00","47,500.00","47,500.00","0.01K","0.64%"
"28-01-2022","47,200.00","47,200.00","47,200.00","47,200.00","0.01K","0.00%"
"27-01-2022","47,200.00","47,200.00","47,200.00","47,200.00","0.01K","0.43%"
"25-01-2022","47,000.00","47,000.00","47,000.00","47,000.00","0.01K","1.08%"
"24-01-2022","46,500.00","46,500.00","46,500.00","46,500.00","0.01K","-0.43%"
"21-01-2022","46,700.00","46,700.00","46,700.00","46,700.00","0.01K","-1.06%"
"20-01-2022","47,200.00","46,200.00","46,200.00","46,200.00","","0.83%"
"19-01-2022","46,810.00","46,810.00","46,810.00","46,810.00","","0.09%"
"18-01-2022","46,770.00","46,770.00","46,770.00","46,770.00","","-0.11%"
"17-01-2022","46,820.00","46,820.00","46,820.00","46,820.00","","1.25%"
"14-01-2022","46,240.00","46,240.00","46,240.00","46,240.00","","4.03%"
"13-01-2022","44,450.00","43,280.00","45,900.00","43,280.00","0.05K","-3.45%"
"12-01-2022","46,040.00","46,040.00","46,040.00","46,040.00","","2.31%"
"11-01-2022","45,000.00","44,800.00","45,200.00","44,800.00","0.08K","1.88%"
"10-01-2022","44,170.00","44,100.00","44,200.00","44,100.00","0.03K","0.09%"
"07-01-2022","44,130.00","44,300.00","44,300.00","44,040.00","0.04K","0.66%"
"06-01-2022","43,840.00","44,000.00","44,100.00","43,600.00","0.05K","-0.59%"
"05-01-2022","44,100.00","44,000.00","44,600.00","44,000.00","0.06K","-0.02%"
"04-01-2022","44,110.00","44,100.00","44,110.00","44,100.00","0.05K","-0.20%"
"03-01-2022","44,200.00","44,200.00","44,200.00","44,200.00","0.01K","0.34%"
"31-12-2021","44,050.00","44,100.00","44,100.00","44,000.00","0.02K","0.11%"
"30-12-2021","44,000.00","44,000.00","44,100.00","43,900.00","0.03K","0.23%"
"29-12-2021","43,900.00","44,000.00","44,000.00","43,850.00","0.04K","-0.32%"
"28-12-2021","44,040.00","44,200.00","44,200.00","43,950.00","0.04K","0.16%"
"27-12-2021","43,970.00","44,000.00","44,700.00","43,650.00","0.10K","0.18%"
"24-12-2021","43,890.00","43,600.00","44,200.00","43,600.00","0.05K","0.90%"
"23-12-2021","43,500.00","43,000.00","43,800.00","43,000.00","0.05K","1.05%"
"22-12-2021","43,050.00","43,000.00","43,500.00","42,900.00","0.06K","-0.67%"
"21-12-2021","43,340.00","43,500.00","43,500.00","43,200.00","0.05K","-1.50%"
"20-12-2021","44,000.00","43,510.00","43,510.00","43,510.00","","-1.28%"
"17-12-2021","44,570.00","44,570.00","44,570.00","44,570.00","","-0.56%"
"16-12-2021","44,820.00","44,820.00","44,820.00","44,820.00","","0.65%"
"15-12-2021","44,530.00","44,530.00","44,530.00","44,530.00","","2.56%"
"14-12-2021","43,420.00","44,000.00","44,000.00","43,200.00","0.04K","-2.73%"
"13-12-2021","44,640.00","44,640.00","44,640.00","44,640.00","","2.34%"
"10-12-2021","43,620.00","41,990.00","43,700.00","41,990.00","0.25K","-0.64%"
"09-12-2021","43,900.00","43,900.00","43,900.00","43,900.00","0.01K","0.71%"
"08-12-2021","43,590.00","43,590.00","43,590.00","43,590.00","0.01K","0.00%"
"07-12-2021","43,590.00","43,400.00","43,700.00","43,400.00","0.05K","0.93%"
"06-12-2021","43,190.00","43,400.00","43,400.00","43,000.00","0.05K","-0.89%"
"03-12-2021","43,580.00","43,800.00","43,800.00","43,450.00","0.06K","-0.84%"
"02-12-2021","43,950.00","44,000.00","44,400.00","43,800.00","0.09K","-0.32%"
"01-12-2021","44,090.00","44,200.00","44,400.00","43,800.00","0.05K","-0.32%"
"30-11-2021","44,230.00","44,200.00","44,250.00","44,200.00","0.05K","1.12%"
"29-11-2021","43,740.00","43,500.00","44,000.00","43,500.00","0.08K","1.23%"
"26-11-2021","43,210.00","42,800.00","43,600.00","42,800.00","0.05K","0.51%"
"25-11-2021","42,990.00","43,200.00","43,390.00","42,810.00","0.21K","-1.06%"
"24-11-2021","43,450.00","43,350.00","43,800.00","43,250.00","0.24K","0.37%"
"23-11-2021","43,290.00","43,200.00","43,600.00","43,010.00","0.12K","-0.85%"
"22-11-2021","43,660.00","44,050.00","44,050.00","43,300.00","0.12K","-0.30%"
"19-11-2021","43,790.00","43,790.00","43,790.00","43,790.00","","0.32%"
"18-11-2021","43,650.00","43,800.00","43,800.00","43,800.00","","-0.37%"
"17-11-2021","43,810.00","43,810.00","43,810.00","43,810.00","","1.62%"
"16-11-2021","43,110.00","43,110.00","43,110.00","43,110.00","","-0.21%"
"15-11-2021","43,200.00","43,200.00","43,200.00","43,200.00","0.01K","-3.29%"
"12-11-2021","44,670.00","45,500.00","45,500.00","44,200.00","0.08K","-2.66%"
"11-11-2021","45,890.00","46,000.00","46,200.00","45,010.00","0.08K","1.30%"
"10-11-2021","45,300.00","45,400.00","45,400.00","45,200.00","0.02K","-0.55%"
"09-11-2021","45,550.00","45,550.00","45,550.00","45,550.00","","-1.58%"
"08-11-2021","46,280.00","46,600.00","46,600.00","46,000.00","0.06K","-1.57%"
"05-11-2021","47,020.00","47,020.00","47,020.00","47,020.00","","0.47%"
"04-11-2021","46,800.00","46,800.00","46,800.00","46,800.00","0.01K","0.13%"
"03-11-2021","46,740.00","46,700.00","46,800.00","46,700.00","0.08K","-0.40%"
"02-11-2021","46,930.00","47,400.00","47,400.00","46,700.00","0.06K","-0.74%"
"01-11-2021","47,280.00","47,200.00","47,400.00","47,200.00","0.05K","0.17%"
"29-10-2021","47,200.00","47,200.00","47,300.00","47,060.00","0.05K","0.32%"
"28-10-2021","47,050.00","46,800.00","47,200.00","46,800.00","0.06K","-0.23%"
"27-10-2021","47,160.00","47,000.00","47,300.00","47,000.00","0.05K","0.96%"
"26-10-2021","46,710.00","47,000.00","47,300.00","46,300.00","0.15K","-1.33%"
"25-10-2021","47,340.00","47,200.00","47,600.00","47,100.00","0.11K","-1.15%"
"22-10-2021","47,890.00","47,800.00","48,000.00","47,750.00","0.10K","-1.16%"
"21-10-2021","48,450.00","48,600.00","48,890.00","47,900.00","0.10K","-0.31%"
"20-10-2021","48,600.00","48,770.00","48,770.00","48,770.00","","-1.44%"
"19-10-2021","49,310.00","49,310.00","49,310.00","49,310.00","","0.61%"
"18-10-2021","49,010.00","49,010.00","49,010.00","49,010.00","","-0.24%"
"15-10-2021","49,130.00","49,130.00","49,130.00","49,130.00","","2.12%"
"14-10-2021","48,110.00","47,210.00","49,000.00","47,210.00","0.02K","0.50%"
"13-10-2021","47,870.00","47,800.00","48,000.00","47,800.00","0.03K","-2.31%"
"12-10-2021","49,000.00","49,000.00","49,000.00","49,000.00","0.03K","0.00%"
"11-10-2021","49,000.00","49,000.00","49,000.00","49,000.00","0.02K","5.31%"
"08-10-2021","46,530.00","47,500.00","47,500.00","45,200.00","0.10K","-3.20%"
"07-10-2021","48,070.00","48,400.00","48,400.00","47,500.00","0.10K","-0.99%"
"06-10-2021","48,550.00","48,100.00","48,900.00","48,100.00","0.08K","0.62%"
"05-10-2021","48,250.00","48,250.00","48,400.00","48,100.00","0.06K","-0.17%"
"04-10-2021","48,330.00","48,000.00","48,500.00","48,000.00","0.07K","2.22%"
"01-10-2021","47,280.00","46,900.00","47,600.00","46,900.00","0.08K","2.54%"
"30-09-2021","46,110.00","45,400.00","46,800.00","45,400.00","0.11K","2.06%"
"29-09-2021","45,180.00","44,700.00","45,800.00","44,700.00","0.14K","0.92%"
"28-09-2021","44,770.00","44,400.00","44,940.00","44,400.00","0.07K","0.58%"
"27-09-2021","44,510.00","44,350.00","44,800.00","44,350.00","0.07K","0.27%"
"24-09-2021","44,390.00","44,310.00","44,500.00","44,310.00","0.05K","0.05%"
"23-09-2021","44,370.00","44,350.00","44,600.00","44,310.00","0.09K","-0.34%"
"22-09-2021","44,520.00","44,510.00","44,600.00","44,410.00","0.12K","-0.25%"
"21-09-2021","44,630.00","44,600.00","44,700.00","44,600.00","0.04K","-1.91%"
"20-09-2021","45,500.00","45,500.00","45,500.00","45,500.00","0.01K","1.63%"
"17-09-2021","44,770.00","44,770.00","44,770.00","44,770.00","","1.02%"
"16-09-2021","44,320.00","44,320.00","44,320.00","44,320.00","","-1.36%"
"15-09-2021","44,930.00","44,930.00","44,930.00","44,930.00","","-0.16%"
"14-09-2021","45,000.00","45,000.00","45,000.00","45,000.00","0.01K","1.26%"
"13-09-2021","44,440.00","44,150.00","44,800.00","44,100.00","0.09K","-0.02%"
"10-09-2021","44,450.00","44,450.00","44,450.00","44,450.00","","0.16%"
"09-09-2021","44,380.00","44,000.00","44,600.00","44,000.00","0.09K","0.48%"
"08-09-2021","44,170.00","44,350.00","44,350.00","44,000.00","0.07K","-0.23%"
"07-09-2021","44,270.00","44,300.00","44,300.00","44,200.00","0.08K","0.14%"
"06-09-2021","44,210.00","44,200.00","44,340.00","44,050.00","0.09K","-0.34%"
"03-09-2021","44,360.00","44,400.00","44,420.00","44,230.00","0.13K","-0.05%"
"02-09-2021","44,380.00","44,600.00","44,600.00","44,200.00","0.13K","-0.54%"
"01-09-2021","44,620.00","44,500.00","44,700.00","44,400.00","0.18K","0.56%"
"31-08-2021","44,370.00","44,300.00","44,600.00","44,220.00","0.23K","0.45%"
"30-08-2021","44,170.00","44,000.00","44,500.00","43,950.00","0.09K","0.14%"
"27-08-2021","44,110.00","43,900.00","44,390.00","43,900.00","0.10K","0.18%"
"26-08-2021","44,030.00","44,000.00","44,050.00","43,900.00","0.16K","-0.56%"
"25-08-2021","44,280.00","44,000.00","44,700.00","43,800.00","0.10K","0.27%"
"24-08-2021","44,160.00","44,050.00","44,400.00","44,050.00","0.09K","-0.02%"
"23-08-2021","44,170.00","44,200.00","44,250.00","44,100.00","0.12K","-3.35%"
"20-08-2021","45,700.00","44,420.00","44,420.00","44,420.00","","-0.67%"
"19-08-2021","46,010.00","46,010.00","46,010.00","46,010.00","","0.00%"
"18-08-2021","46,010.00","46,010.00","46,010.00","46,010.00","","-0.24%"
"17-08-2021","46,120.00","46,120.00","46,120.00","46,120.00","","1.05%"
"16-08-2021","45,640.00","44,800.00","46,790.00","43,010.00","0.11K","2.56%"
"13-08-2021","44,500.00","44,490.00","44,500.00","44,490.00","0.03K","1.14%"
"12-08-2021","44,000.00","44,150.00","44,150.00","43,700.00","0.03K","-0.65%"
"11-08-2021","44,290.00","44,300.00","44,300.00","44,280.00","0.02K","2.03%"
"10-08-2021","43,410.00","43,900.00","43,900.00","42,660.00","0.10K","-0.78%"
"09-08-2021","43,750.00","44,000.00","44,150.00","43,400.00","0.12K","-1.64%"
"06-08-2021","44,480.00","44,600.00","44,600.00","44,300.00","0.12K","-0.40%"
"05-08-2021","44,660.00","44,700.00","44,790.00","44,320.00","0.12K","-0.36%"
"04-08-2021","44,820.00","44,700.00","44,900.00","44,700.00","0.12K","-0.22%"
"03-08-2021","44,920.00","45,200.00","45,200.00","44,620.00","0.08K","-0.16%"
"02-08-2021","44,990.00","45,400.00","45,400.00","44,900.00","0.14K","0.22%"
"30-07-2021","44,890.00","44,950.00","45,080.00","44,730.00","0.21K","0.07%"
"29-07-2021","44,860.00","44,900.00","44,930.00","44,700.00","0.46K","0.40%"
"28-07-2021","44,680.00","44,400.00","44,800.00","44,400.00","0.21K","0.56%"
"27-07-2021","44,430.00","44,500.00","44,660.00","44,300.00","0.29K","-0.45%"
"26-07-2021","44,630.00","44,500.00","44,750.00","44,500.00","0.09K","1.66%"
"23-07-2021","43,900.00","44,100.00","44,250.00","43,870.00","0.19K","-0.81%"
"22-07-2021","44,260.00","43,800.00","44,450.00","43,800.00","0.27K","0.32%"
"21-07-2021","44,120.00","44,200.00","44,500.00","44,000.00","0.10K","-1.74%"
"20-07-2021","44,900.00","44,100.00","44,100.00","44,100.00","","2.49%"
"19-07-2021","43,810.00","43,810.00","43,810.00","43,810.00","","3.03%"
"16-07-2021","42,520.00","42,520.00","42,520.00","42,520.00","","1.24%"
"15-07-2021","42,000.00","42,000.00","42,000.00","42,000.00","0.01K","4.14%"
"14-07-2021","40,330.00","40,330.00","40,330.00","40,330.00","0.01K","-5.97%"
"13-07-2021","42,890.00","43,700.00","43,940.00","42,100.00","0.09K","-2.08%"
"12-07-2021","43,800.00","43,350.00","44,100.00","43,180.00","0.31K","2.00%"
"09-07-2021","42,940.00","42,800.00","43,200.00","42,750.00","0.09K","-0.16%"
"08-07-2021","43,010.00","43,050.00","43,100.00","42,750.00","0.07K","0.14%"
"07-07-2021","42,950.00","43,050.00","43,050.00","42,800.00","0.10K","0.12%"
"06-07-2021","42,900.00","42,800.00","43,100.00","42,620.00","0.11K","-0.16%"
"05-07-2021","42,970.00","42,800.00","43,200.00","42,800.00","0.11K","1.27%"
"02-07-2021","42,430.00","42,300.00","42,500.00","42,300.00","0.08K","0.21%"
"01-07-2021","42,340.00","42,550.00","42,650.00","41,950.00","0.16K","-0.68%"
"30-06-2021","42,630.00","42,450.00","43,000.00","42,450.00","0.23K","0.42%"
"29-06-2021","42,450.00","42,950.00","42,950.00","42,400.00","0.36K","-1.69%"
"28-06-2021","43,180.00","43,600.00","43,620.00","43,000.00","0.16K","-1.37%"
"25-06-2021","43,780.00","44,000.00","44,100.00","43,610.00","0.11K","-1.20%"
"24-06-2021","44,310.00","44,420.00","44,560.00","43,900.00","0.13K","-0.14%"
"23-06-2021","44,370.00","44,330.00","44,500.00","44,280.00","0.09K","-0.65%"
"22-06-2021","44,660.00","44,900.00","44,920.00","44,450.00","0.11K","-0.31%"
"21-06-2021","44,800.00","44,750.00","44,870.00","44,400.00","0.22K","-0.38%"
"18-06-2021","44,970.00","44,950.00","45,000.00","44,950.00","0.11K","-1.16%"
"17-06-2021","45,500.00","45,500.00","45,500.00","45,500.00","0.01K","0.53%"
"16-06-2021","45,260.00","45,260.00","45,260.00","45,260.00","","-1.86%"
"15-06-2021","46,120.00","46,120.00","46,120.00","46,120.00","","-0.77%"
"14-06-2021","46,480.00","45,400.00","46,650.00","45,400.00","0.09K","2.15%"
"11-06-2021","45,500.00","45,500.00","45,500.00","45,500.00","0.01K","-1.13%"
"10-06-2021","46,020.00","46,000.00","46,100.00","45,950.00","0.06K","0.39%"
"09-06-2021","45,840.00","46,100.00","46,100.00","45,450.00","0.10K","-0.61%"
"08-06-2021","46,120.00","46,150.00","46,290.00","45,950.00","0.12K","0.15%"
"07-06-2021","46,050.00","46,140.00","46,200.00","46,000.00","0.21K","-0.20%"
"04-06-2021","46,140.00","45,900.00","46,300.00","45,900.00","0.14K","0.98%"
"03-06-2021","45,690.00","45,750.00","46,400.00","45,500.00","0.25K","0.44%"
"02-06-2021","45,490.00","44,900.00","45,800.00","44,900.00","0.18K","1.38%"
"01-06-2021","44,870.00","44,520.00","45,100.00","44,500.00","0.18K","0.52%"
"31-05-2021","44,640.00","44,250.00","44,700.00","44,120.00","0.16K","0.16%"
"28-05-2021","44,570.00","43,800.00","44,800.00","43,800.00","0.26K","1.83%"
"27-05-2021","43,770.00","44,150.00","44,200.00","43,500.00","0.12K","-0.91%"
"26-05-2021","44,170.00","44,100.00","44,500.00","43,980.00","0.13K","-0.36%"
"25-05-2021","44,330.00","44,590.00","44,590.00","44,160.00","0.14K","0.00%"
"24-05-2021","44,330.00","44,550.00","44,550.00","44,100.00","0.10K","0.20%"
"21-05-2021","44,240.00","45,150.00","45,150.00","44,000.00","0.22K","-2.56%"
"20-05-2021","45,400.00","45,090.00","45,090.00","45,090.00","","-3.45%"
"19-05-2021","47,020.00","47,020.00","47,020.00","47,020.00","0.01K","1.97%"
"18-05-2021","46,110.00","46,110.00","46,110.00","46,110.00","","-0.67%"
"17-05-2021","46,420.00","46,420.00","46,420.00","46,420.00","","-0.39%"
"14-05-2021","46,600.00","46,600.00","46,600.00","46,600.00","0.01K","0.65%"
"13-05-2021","46,300.00","46,300.00","46,300.00","46,300.00","0.02K","-0.73%"
"12-05-2021","46,640.00","46,610.00","47,000.00","46,570.00","0.08K","0.28%"
"11-05-2021","46,510.00","46,000.00","46,900.00","46,000.00","0.09K","-0.11%"
"10-05-2021","46,560.00","46,200.00","47,300.00","46,200.00","0.15K","0.43%"
"07-05-2021","46,360.00","45,150.00","46,990.00","45,150.00","0.24K","2.82%"
"06-05-2021","45,090.00","45,500.00","45,680.00","43,430.00","0.25K","-2.40%"
"05-05-2021","46,200.00","45,500.00","46,500.00","45,500.00","0.13K","-0.79%"
"04-05-2021","46,570.00","45,300.00","47,390.00","45,100.00","0.15K","4.16%"
"03-05-2021","44,710.00","44,120.00","45,010.00","44,120.00","0.09K","2.15%"
"30-04-2021","43,770.00","43,600.00","44,030.00","43,550.00","0.10K","-0.07%"
"29-04-2021","43,800.00","43,700.00","43,980.00","43,680.00","0.07K","0.14%"
"28-04-2021","43,740.00","43,310.00","43,800.00","43,310.00","0.21K","0.69%"
"27-04-2021","43,440.00","43,550.00","43,600.00","43,200.00","0.08K","0.44%"
"26-04-2021","43,250.00","42,810.00","43,410.00","42,810.00","0.09K","-0.85%"
"23-04-2021","43,620.00","43,550.00","43,800.00","43,380.00","0.08K","0.95%"
"22-04-2021","43,210.00","43,300.00","43,550.00","42,800.00","0.18K","0.96%"
"21-04-2021","42,800.00","42,800.00","42,800.00","42,800.00","0.01K","-3.82%"
"20-04-2021","44,500.00","44,500.00","44,500.00","44,500.00","0.05K","-1.07%"
"19-04-2021","44,980.00","44,500.00","45,500.00","44,400.00","0.04K","2.46%"
"16-04-2021","43,900.00","43,900.00","43,900.00","43,900.00","0.01K","1.62%"
"15-04-2021","43,200.00","43,200.00","43,200.00","43,200.00","0.01K","-0.41%"
"14-04-2021","43,380.00","43,380.00","43,380.00","43,380.00","","1.95%"
"13-04-2021","42,550.00","42,800.00","42,800.00","42,450.00","0.07K","0.02%"
"12-04-2021","42,540.00","43,400.00","43,400.00","42,110.00","0.12K","0.54%"
"09-04-2021","42,310.00","42,550.00","42,600.00","41,900.00","0.10K","-0.66%"
"08-04-2021","42,590.00","42,450.00","42,700.00","42,350.00","0.13K","0.31%"
"07-04-2021","42,460.00","42,250.00","42,610.00","42,250.00","0.14K","0.40%"
"06-04-2021","42,290.00","42,100.00","42,510.00","42,100.00","0.11K","0.74%"
"05-04-2021","41,980.00","41,400.00","42,500.00","41,400.00","0.10K","1.60%"
"01-04-2021","41,320.00","41,330.00","41,480.00","41,110.00","0.10K","-0.17%"
"31-03-2021","41,390.00","41,210.00","41,490.00","41,210.00","0.11K","1.25%"
"30-03-2021","40,880.00","40,500.00","41,220.00","40,500.00","0.17K","2.48%"
"29-03-2021","39,890.00","39,890.00","39,890.00","39,890.00","","0.00%"
"26-03-2021","39,890.00","39,820.00","39,970.00","39,750.00","0.12K","0.30%"
"25-03-2021","39,770.00","39,750.00","39,850.00","39,680.00","0.12K","-0.25%"
"24-03-2021","39,870.00","40,010.00","40,070.00","39,700.00","0.15K","-0.35%"
"23-03-2021","40,010.00","40,050.00","40,090.00","39,890.00","0.14K","-0.22%"
"22-03-2021","40,100.00","40,290.00","40,290.00","39,900.00","0.14K","-3.07%"
"19-03-2021","41,370.00","41,500.00","41,520.00","41,200.00","0.35K","0.29%"
"18-03-2021","41,250.00","41,090.00","41,450.00","41,090.00","0.81K","2.28%"
"17-03-2021","40,330.00","40,200.00","40,500.00","40,200.00","0.19K","-0.40%"
"16-03-2021","40,490.00","40,490.00","40,490.00","40,490.00","0.01K","1.45%"
"15-03-2021","39,910.00","40,600.00","40,600.00","39,600.00","0.16K","0.20%"
"12-03-2021","39,830.00","39,550.00","40,150.00","39,500.00","0.29K","-0.18%"
"11-03-2021","39,900.00","39,300.00","39,900.00","39,300.00","0.04K","2.57%"
"10-03-2021","38,900.00","38,950.00","39,100.00","38,750.00","0.31K","0.59%"
"09-03-2021","38,670.00","38,540.00","39,000.00","38,470.00","0.50K","-0.08%"
"08-03-2021","38,700.00","38,750.00","38,850.00","38,510.00","0.44K","-1.00%"
"05-03-2021","39,090.00","39,150.00","39,300.00","39,000.00","0.34K","-0.08%"
"04-03-2021","39,120.00","39,100.00","39,380.00","38,950.00","0.27K","-0.23%"
"03-03-2021","39,210.00","39,100.00","39,400.00","39,080.00","0.28K","-0.03%"
"02-03-2021","39,220.00","39,400.00","39,400.00","39,050.00","0.22K","0.38%"
"01-03-2021","39,070.00","38,900.00","39,400.00","38,870.00","0.25K","1.09%"
"26-02-2021","38,650.00","38,650.00","38,950.00","38,360.00","0.26K","0.73%"
"25-02-2021","38,370.00","38,320.00","38,500.00","38,250.00","0.17K","0.50%"
"24-02-2021","38,180.00","38,320.00","38,350.00","38,000.00","0.34K","0.50%"
"23-02-2021","37,990.00","38,000.00","38,320.00","37,900.00","0.69K","-0.60%"
"22-02-2021","38,220.00","38,300.00","38,330.00","37,920.00","0.30K","-4.57%"
"19-02-2021","40,050.00","40,000.00","40,100.00","40,000.00","0.02K","1.14%"
"18-02-2021","39,600.00","39,600.00","39,600.00","39,600.00","0.05K","1.12%"
"17-02-2021","39,160.00","38,460.00","39,800.00","38,450.00","0.14K","0.31%"
"16-02-2021","39,040.00","39,030.00","39,100.00","39,000.00","0.13K","3.72%"
"15-02-2021","37,640.00","37,500.00","38,540.00","37,500.00","0.27K","1.29%"
"12-02-2021","37,160.00","37,100.00","37,330.00","36,930.00","0.15K","-1.51%"
"11-02-2021","37,730.00","37,700.00","38,450.00","37,450.00","0.26K","-0.08%"
"10-02-2021","37,760.00","37,350.00","38,100.00","37,350.00","0.57K","2.36%"
"09-02-2021","36,890.00","36,500.00","37,680.00","36,500.00","0.26K","2.22%"
"08-02-2021","36,090.00","35,710.00","36,350.00","35,710.00","0.28K","0.47%"
"05-02-2021","35,920.00","35,900.00","36,050.00","35,700.00","0.36K","0.08%"
"04-02-2021","35,890.00","35,900.00","35,950.00","35,750.00","0.40K","-0.33%"
"03-02-2021","36,010.00","36,000.00","36,110.00","35,860.00","0.39K","-0.28%"
"02-02-2021","36,110.00","36,000.00","36,300.00","35,550.00","0.58K","0.58%"
"01-02-2021","35,900.00","36,050.00","36,100.00","35,700.00","0.34K","-0.36%"
"29-01-2021","36,030.00","36,400.00","36,400.00","35,860.00","0.69K","-1.10%"
"28-01-2021","36,430.00","36,800.00","36,800.00","36,210.00","0.61K","-0.38%"
"27-01-2021","36,570.00","36,800.00","36,860.00","36,300.00","0.52K","0.03%"
"25-01-2021","36,560.00","36,400.00","36,750.00","36,400.00","0.47K","0.41%"
"22-01-2021","36,410.00","36,300.00","36,740.00","36,080.00","0.40K","-0.25%"
"21-01-2021","36,500.00","36,500.00","36,900.00","36,200.00","0.78K","0.36%"
"20-01-2021","36,370.00","37,700.00","37,830.00","36,250.00","0.98K","-3.66%"
"19-01-2021","37,750.00","38,010.00","38,020.00","37,600.00","0.62K","-1.13%"
"18-01-2021","38,180.00","38,400.00","38,450.00","37,940.00","0.50K","33.96%"